{"k_pivot": 0.05, "N_ur": 2.0328, "N_ncdm": 1.0, "m_ncdm": 0.06, "T_ncdm": 0.71611, "N_mscf": 9.0, "theta_prime_ini_mscf": "0.0,0.0,0.0,0.0,0.0,0.0,0.0,0.0,0.0", "log10_maxion_ac": "-3.00 , -3.19 , -3.38 , -3.56 , -3.75 , -3.94 , -4.12 , -4.31 , -4.50", "n_axion_mscf": "3.0,3.0,3.0,3.0,3.0,3.0,3.0,3.0,3.0", "tol_shooting_deltax": 0.01, "tol_shooting_deltaF": 0.01, "background_Nloga": 100000.0, "do_shooting": "yes", "do_shooting_mscf": "yes", "output": "mPk", "P_k_max_h/Mpc": 1.0, "H0": 73.25952, "omega_b": 0.022867790000000002, "omega_cdm": 0.136069, "ln10^{10}A_s": 3.077096, "n_s": 0.9793323, "tau_reio": 0.06232198, "A_planck": 1.001826, "fraction_maxion_ac": "0.006388121, 0.02086891, 0.05125962, 0.0571744, 0.001977582, 0.01401083, 0.007811064, 0.006359408, 0.03731562", "theta_ini_mscf": "2.398245, 2.926463, 2.390773, 2.38155, 2.756438, 2.275962, 2.182462, 2.415604, 2.457014"}