{"k_pivot": 0.05, "N_ur": 2.0328, "N_ncdm": 1.0, "m_ncdm": 0.06, "T_ncdm": 0.71611, "N_mscf": 9.0, "theta_prime_ini_mscf": "0.0,0.0,0.0,0.0,0.0,0.0,0.0,0.0,0.0", "log10_maxion_ac": "-3.00 , -3.19 , -3.38 , -3.56 , -3.75 , -3.94 , -4.12 , -4.31 , -4.50", "n_axion_mscf": "3.0,3.0,3.0,3.0,3.0,3.0,3.0,3.0,3.0", "tol_shooting_deltax": 0.01, "tol_shooting_deltaF": 0.01, "background_Nloga": 100000.0, "do_shooting": "yes", "do_shooting_mscf": "yes", "output": "mPk", "P_k_max_h/Mpc": 1.0, "H0": 72.54297, "omega_b": 0.02339797, "omega_cdm": 0.1350579, "ln10^{10}A_s": 3.098587, "n_s": 0.9917196, "tau_reio": 0.07019002, "A_planck": 1.005423, "fraction_maxion_ac": "0.002664692, 0.001735083, 0.01593815, 0.05800573, 0.03907329, 0.01606869, 0.01106487, 0.03648526, 0.0007708349", "theta_ini_mscf": "2.407788, 2.799966, 2.500663, 2.382547, 2.696323, 2.313353, 2.150118, 2.497881, 2.680209"}