{"k_pivot": 0.05, "N_ur": 2.0328, "N_ncdm": 1.0, "m_ncdm": 0.06, "T_ncdm": 0.71611, "N_mscf": 9.0, "theta_prime_ini_mscf": "0.0,0.0,0.0,0.0,0.0,0.0,0.0,0.0,0.0", "log10_maxion_ac": "-3.00 , -3.19 , -3.38 , -3.56 , -3.75 , -3.94 , -4.12 , -4.31 , -4.50", "n_axion_mscf": "3.0,3.0,3.0,3.0,3.0,3.0,3.0,3.0,3.0", "tol_shooting_deltax": 0.01, "tol_shooting_deltaF": 0.01, "background_Nloga": 100000.0, "do_shooting": "yes", "do_shooting_mscf": "yes", "output": "mPk", "P_k_max_h/Mpc": 1.0, "H0": 73.43839, "omega_b": 0.022900809999999997, "omega_cdm": 0.1384927, "ln10^{10}A_s": 3.054781, "n_s": 0.9794779, "tau_reio": 0.04982205, "A_planck": 1.003813, "fraction_maxion_ac": "0.0128325, 0.01726251, 0.07953715, 0.01667166, 0.004601312, 0.02907825, 0.01673283, 0.01253549, 0.03068443", "theta_ini_mscf": "2.376222, 2.916929, 2.395174, 2.358583, 2.748463, 2.265797, 2.208759, 2.407524, 2.485381"}