{"k_pivot": 0.05, "N_ur": 2.0328, "N_ncdm": 1.0, "m_ncdm": 0.06, "T_ncdm": 0.71611, "N_mscf": 9.0, "theta_prime_ini_mscf": "0.0,0.0,0.0,0.0,0.0,0.0,0.0,0.0,0.0", "log10_maxion_ac": "-3.00 , -3.19 , -3.38 , -3.56 , -3.75 , -3.94 , -4.12 , -4.31 , -4.50", "n_axion_mscf": "3.0,3.0,3.0,3.0,3.0,3.0,3.0,3.0,3.0", "tol_shooting_deltax": 0.01, "tol_shooting_deltaF": 0.01, "background_Nloga": 100000.0, "do_shooting": "yes", "do_shooting_mscf": "yes", "output": "mPk", "P_k_max_h/Mpc": 1.0, "H0": 71.25981, "omega_b": 0.02283376, "omega_cdm": 0.1304755, "ln10^{10}A_s": 3.05588, "n_s": 0.9811031, "tau_reio": 0.0574289, "A_planck": 1.00111, "fraction_maxion_ac": "0.006757677, 0.00419463, 0.0352946, 0.02306283, 0.01266092, 0.01335079, 0.01769716, 0.02070175, 0.005943969", "theta_ini_mscf": "2.448843, 2.494998, 2.453774, 2.519503, 2.513934, 2.548279, 2.495339, 2.467116, 2.530562"}