{"k_pivot": 0.05, "N_ur": 2.0328, "N_ncdm": 1.0, "m_ncdm": 0.06, "T_ncdm": 0.71611, "N_mscf": 9.0, "theta_prime_ini_mscf": "0.0,0.0,0.0,0.0,0.0,0.0,0.0,0.0,0.0", "log10_maxion_ac": "-3.00 , -3.19 , -3.38 , -3.56 , -3.75 , -3.94 , -4.12 , -4.31 , -4.50", "n_axion_mscf": "3.0,3.0,3.0,3.0,3.0,3.0,3.0,3.0,3.0", "tol_shooting_deltax": 0.01, "tol_shooting_deltaF": 0.01, "background_Nloga": 100000.0, "do_shooting": "yes", "do_shooting_mscf": "yes", "output": "mPk", "P_k_max_h/Mpc": 1.0, "H0": 72.09528, "omega_b": 0.02269136, "omega_cdm": 0.1358458, "ln10^{10}A_s": 3.054399, "n_s": 0.9789456, "tau_reio": 0.05313273, "A_planck": 1.001263, "fraction_maxion_ac": "0.01550477, 0.01330774, 0.02149694, 0.06329701, 0.01136851, 0.02072228, 0.02114486, 0.01225122, 0.0009636515", "theta_ini_mscf": "2.473407, 2.581417, 2.398131, 2.547892, 2.547014, 2.492999, 2.591203, 2.422025, 2.473823"}