{"k_pivot": 0.05, "N_ur": 2.0328, "N_ncdm": 1.0, "m_ncdm": 0.06, "T_ncdm": 0.71611, "N_mscf": 9.0, "theta_prime_ini_mscf": "0.0,0.0,0.0,0.0,0.0,0.0,0.0,0.0,0.0", "log10_maxion_ac": "-3.00 , -3.19 , -3.38 , -3.56 , -3.75 , -3.94 , -4.12 , -4.31 , -4.50", "n_axion_mscf": "3.0,3.0,3.0,3.0,3.0,3.0,3.0,3.0,3.0", "tol_shooting_deltax": 0.01, "tol_shooting_deltaF": 0.01, "background_Nloga": 100000.0, "do_shooting": "yes", "do_shooting_mscf": "yes", "output": "mPk", "P_k_max_h/Mpc": 1.0, "H0": 71.89161, "omega_b": 0.02280745, "omega_cdm": 0.1336077, "ln10^{10}A_s": 3.048819, "n_s": 0.9815334, "tau_reio": 0.05195373, "A_planck": 0.9996859, "fraction_maxion_ac": "0.002677369, 0.01610831, 0.0310328, 0.03835952, 0.02852309, 0.006111041, 0.003544357, 0.0149166, 0.02043831", "theta_ini_mscf": "2.488727, 2.533575, 2.408003, 2.549971, 2.545282, 2.538788, 2.583106, 2.418222, 2.53603"}