{"k_pivot": 0.05, "N_ur": 2.0328, "N_ncdm": 1.0, "m_ncdm": 0.06, "T_ncdm": 0.71611, "N_mscf": 9.0, "theta_prime_ini_mscf": "0.0,0.0,0.0,0.0,0.0,0.0,0.0,0.0,0.0", "log10_maxion_ac": "-3.00 , -3.19 , -3.38 , -3.56 , -3.75 , -3.94 , -4.12 , -4.31 , -4.50", "n_axion_mscf": "3.0,3.0,3.0,3.0,3.0,3.0,3.0,3.0,3.0", "tol_shooting_deltax": 0.01, "tol_shooting_deltaF": 0.01, "background_Nloga": 100000.0, "do_shooting": "yes", "do_shooting_mscf": "yes", "output": "mPk", "P_k_max_h/Mpc": 1.0, "H0": 70.52321, "omega_b": 0.02279592, "omega_cdm": 0.1269249, "ln10^{10}A_s": 3.055227, "n_s": 0.9738777, "tau_reio": 0.05611454, "A_planck": 1.003095, "fraction_maxion_ac": "0.002413373, 0.006596538, 0.03356399, 0.003099439, 0.006657806, 0.008580603, 0.01832535, 0.009479668, 0.0186102", "theta_ini_mscf": "2.462053, 2.506997, 2.453634, 2.51926, 2.546651, 2.569567, 2.508995, 2.460857, 2.523382"}