{"k_pivot": 0.05, "N_ur": 2.0328, "N_ncdm": 1.0, "m_ncdm": 0.06, "T_ncdm": 0.71611, "N_mscf": 9.0, "theta_prime_ini_mscf": "0.0,0.0,0.0,0.0,0.0,0.0,0.0,0.0,0.0", "log10_maxion_ac": "-3.00 , -3.19 , -3.38 , -3.56 , -3.75 , -3.94 , -4.12 , -4.31 , -4.50", "n_axion_mscf": "3.0,3.0,3.0,3.0,3.0,3.0,3.0,3.0,3.0", "tol_shooting_deltax": 0.01, "tol_shooting_deltaF": 0.01, "background_Nloga": 100000.0, "do_shooting": "yes", "do_shooting_mscf": "yes", "output": "mPk", "P_k_max_h/Mpc": 1.0, "H0": 71.28664, "omega_b": 0.02292928, "omega_cdm": 0.1300496, "ln10^{10}A_s": 3.065088, "n_s": 0.9790926, "tau_reio": 0.06042941, "A_planck": 0.9997312, "fraction_maxion_ac": "0.004035786, 0.005088758, 0.02911841, 0.03915058, 0.009849206, 0.001489849, 0.01895442, 0.01244234, 0.003966789", "theta_ini_mscf": "2.453839, 2.491864, 2.46689, 2.512726, 2.4913, 2.528106, 2.516237, 2.466726, 2.526517"}