{"k_pivot": 0.05, "N_ur": 2.0328, "N_ncdm": 1.0, "m_ncdm": 0.06, "T_ncdm": 0.71611, "N_mscf": 9.0, "theta_prime_ini_mscf": "0.0,0.0,0.0,0.0,0.0,0.0,0.0,0.0,0.0", "log10_maxion_ac": "-3.00 , -3.19 , -3.38 , -3.56 , -3.75 , -3.94 , -4.12 , -4.31 , -4.50", "n_axion_mscf": "3.0,3.0,3.0,3.0,3.0,3.0,3.0,3.0,3.0", "tol_shooting_deltax": 0.01, "tol_shooting_deltaF": 0.01, "background_Nloga": 100000.0, "do_shooting": "yes", "do_shooting_mscf": "yes", "output": "mPk", "P_k_max_h/Mpc": 1.0, "H0": 71.00068, "omega_b": 0.022799589999999998, "omega_cdm": 0.1322328, "ln10^{10}A_s": 3.060482, "n_s": 0.9725546, "tau_reio": 0.05511596, "A_planck": 1.001223, "fraction_maxion_ac": "0.0005682738, 0.01456292, 0.03781859, 0.0237969, 0.02619934, 0.001504097, 0.004437976, 0.004689356, 0.02034326", "theta_ini_mscf": "2.489547, 2.51699, 2.431305, 2.573563, 2.547492, 2.56801, 2.534709, 2.444861, 2.525875"}