{"k_pivot": 0.05, "N_ur": 2.0328, "N_ncdm": 1.0, "m_ncdm": 0.06, "T_ncdm": 0.71611, "N_mscf": 9.0, "theta_prime_ini_mscf": "0.0,0.0,0.0,0.0,0.0,0.0,0.0,0.0,0.0", "log10_maxion_ac": "-3.00 , -3.19 , -3.38 , -3.56 , -3.75 , -3.94 , -4.12 , -4.31 , -4.50", "n_axion_mscf": "3.0,3.0,3.0,3.0,3.0,3.0,3.0,3.0,3.0", "tol_shooting_deltax": 0.01, "tol_shooting_deltaF": 0.01, "background_Nloga": 100000.0, "do_shooting": "yes", "do_shooting_mscf": "yes", "output": "mPk", "P_k_max_h/Mpc": 1.0, "H0": 71.52718, "omega_b": 0.0229299, "omega_cdm": 0.1396703, "ln10^{10}A_s": 3.065787, "n_s": 0.9765942, "tau_reio": 0.05868842, "A_planck": 0.9986795, "fraction_maxion_ac": "0.01357178, 0.001523728, 0.02356959, 0.05435977, 0.02455672, 0.01741053, 0.04686169, 0.008711516, 0.01429965", "theta_ini_mscf": "2.580578, 2.662309, 2.4128, 2.495493, 2.612925, 2.466397, 2.515347, 2.527136, 2.510392"}